name,login,password,role
Ritesh Chablani,ritesh,V3QdguukeW@1,admin
Sandip shah,sandip,V3QdguukeW@1,admin
Rajasekar Ponnusamy,rajasekar,V3QdguukeW@1,admin
Udhaya Kumar,udhaya,Passwd@01,user
Prabhakaran K,prabhakaran,W3lc0m3@123,user
ArunKumar,arunkumar,W3lc0m3@123,user
Durgaram,durgaram,W3lc0m3@123,user
Sekar S,sekar,W3lc0m3@123,user
Gobi Nathan,gobi,W3lc0m3@123,user
Mohan Kumar,mohan,W3lc0m3@123,user
Praveen,praveen,Passwd@01,user
Arun Balakumar,arun,Passwd@01,user
Arifa barveen,arifa,Passwd@01,user
Subashini T,subashini,Passwd@01,user
Kannan,kannan,Passwd@01,user
